# s_m;x_m;y_m;psi_rad;kappa_radpm;vx_mps;ax_mps2
0.0000000;-5.3712070;7.3713514;3.0968444;1.1798792;2.7511442;-0.0223279
0.1996280;-5.3651234;7.1719179;-3.0783345;-0.0757707;2.7495236;-0.0151481
0.3992559;-5.3451163;6.9734360;-2.9584274;1.2589637;2.7484235;-0.0151481
0.5988839;-5.2934884;6.7807002;-2.8479898;-0.0926045;2.7473230;0.3248801
0.7985118;-5.2288069;6.5920138;-2.7286056;1.2386854;2.7708292;-0.0153960
0.9981398;-5.1328475;6.4171230;-2.5848177;0.2547668;2.7697197;5.2846163
1.1977677;-5.0192240;6.2531566;-2.4624168;0.9543024;3.1275008;0.1561036
1.3973957;-4.8824045;6.1079834;-2.3275779;0.4092992;3.1374491;5.2802602
1.5970236;-4.7309407;5.9780817;-2.2247472;0.6221839;3.4571320;2.0498393
1.7966516;-4.5659544;5.8658664;-2.1167908;0.4605646;3.5735378;3.6029024
1.9962796;-4.3907777;5.7702819;-2.0230801;0.4805946;3.7694366;2.6529050
2.1959075;-4.2074703;5.6913927;-1.9335268;0.4157770;3.9074084;3.1313653
2.3955355;-4.0182072;5.6280581;-1.8555652;0.3659508;4.0642412;3.4320804
2.5951634;-3.8248261;5.5786675;-1.7879889;0.3107973;4.2294604;3.9144813
2.7947914;-3.6286540;5.5418795;-1.7233500;0.3389946;4.4103531;2.8771365
2.9944193;-3.4304950;5.5179820;-1.6597504;0.2966355;4.5387144;3.3580196
3.1940473;-3.2312705;5.5056323;-1.6083182;0.2177252;4.6840834;4.6889727
3.3936753;-3.0316865;5.5022431;-1.5683117;0.1841687;4.8798297;5.0766857
3.5933032;-2.8321108;5.5062754;-1.5335117;0.1648139;5.0832701;5.1994511
3.7929312;-2.6327688;5.5168173;-1.5033305;0.1374188;5.2835165;5.2440196
3.9925591;-2.4337769;5.5326868;-1.4807491;0.0883300;5.4780701;5.2398210
4.1921871;-2.2351072;5.5522000;-1.4659440;0.0604886;5.6657993;5.2356258
4.3918150;-2.0366851;5.5741035;-1.4567094;0.0320255;5.8473615;5.2314339
4.5914430;-1.8383994;5.5972159;-1.4540759;-0.0058449;6.0233144;5.2272454
4.7910709;-1.6400886;5.6201108;-1.4588260;-0.0416845;6.1941364;-6.5016969
4.9906989;-1.4415957;5.6413602;-1.4706310;-0.0765644;5.9809267;-6.0388923
5.1903269;-1.2428057;5.6596072;-1.4888713;-0.1060540;5.7758481;-5.9804073
5.3899548;-1.0436835;5.6737637;-1.5110832;-0.1159635;5.5653129;-5.6450153
5.5895828;-0.8442865;5.6832366;-1.5362615;-0.1365852;5.3590020;-3.9990342
5.7892107;-0.6447039;5.6869723;-1.5702293;-0.2051951;5.2079040;-3.1669358
5.9888387;-0.4451379;5.6827075;-1.6154712;-0.2473105;5.0850611;-3.0807850
6.1884666;-0.2460003;5.6689809;-1.6630365;-0.2273433;4.9626429;-3.9380765
6.3880946;-0.0477102;5.6460649;-1.7088856;-0.2329091;4.8016169;-3.8470403
6.5877226;0.1492701;5.6138006;-1.7585146;-0.2651593;4.6389192;-3.3631013
6.7873505;0.3442509;5.5711109;-1.8155525;-0.3066567;4.4918630;-2.8612879
6.9869785;0.5362440;5.5165603;-1.8811935;-0.3513043;4.3628485;-2.5031930
7.1866064;0.7239480;5.4487304;-1.9552251;-0.3905163;4.2467673;-2.3897628
7.3862344;0.9058219;5.3665575;-2.0360130;-0.4188590;4.1329052;-2.3738044
7.5858623;1.0802221;5.2695369;-2.1215627;-0.4383932;4.0166093;-2.4363695
7.7854903;1.2454823;5.1576638;-2.2107843;-0.4559762;3.8936378;-2.6050919
7.9851182;1.3998563;5.0312052;-2.3043320;-0.4822109;3.7577010;-2.7054916
8.1847462;1.5412963;4.8904494;-2.4046121;-0.5238181;3.6111125;-2.6129595
8.3843742;1.6672213;4.7356814;-2.5143507;-0.5769075;3.4636532;-2.4207259
8.5840021;1.7744597;4.5674518;-2.6361009;-0.6447083;3.3212053;-2.2807978
8.7836301;1.8592157;4.3868784;-2.7717725;-0.7163687;3.1811606;-2.2594204
8.9832580;1.9174364;4.1961252;-2.9210507;-0.7804675;3.0360658;-1.6077584
9.1828860;1.9449212;3.9986416;-3.0904452;-0.9234648;2.9284447;-0.0171837
9.3825139;1.9356338;3.7995425;2.9909946;-1.1098238;2.9272731;-0.0171837
9.5821419;1.8849493;3.6068042;2.7837877;-0.9542680;2.9261010;1.3223235
9.7817699;1.7984047;3.4271899;2.6051777;-0.8399774;3.0149648;1.8563666
9.9813978;1.6832544;3.2643883;2.4515744;-0.6984060;3.1354709;2.6241315
10.1810258;1.5462464;3.1194063;2.3199154;-0.6203376;3.2983144;2.7396066
10.3806537;1.3923876;2.9923274;2.2055563;-0.5254359;3.4601564;3.1951135
10.5802817;1.2261559;2.8820514;2.1108961;-0.4288311;3.6398283;3.8021285
10.7799096;1.0510317;2.7866127;2.0301733;-0.3990663;3.8427038;3.5876266
10.9795376;0.8683339;2.7058309;1.9420161;-0.4289161;4.0247675;2.5296089
11.1791655;0.6799414;2.6402029;1.8764412;-0.2356599;4.1483388;5.2654905
11.3787935;0.4889608;2.5836639;1.8427116;-0.2236385;4.3944275;5.1525930
11.5784215;0.2948016;2.5364570;1.7697369;-0.3700497;4.6225746;1.5598549
11.7780494;0.0978119;2.5027604;1.7183097;-0.1369099;4.6894539;5.2559004
11.9776774;-0.0996728;2.4747376;1.7047735;-0.2003169;4.9080981;4.6361734
12.1773053;-0.2981636;2.4555101;1.6230417;-0.3475191;5.0931765;0.4431809
12.3769333;-0.4983404;2.4486978;1.5960785;-0.1070142;5.1105175;5.2476256
12.5765612;-0.6975205;2.4474189;1.5525803;-0.2566811;5.3115473;2.2117990
12.7761892;-0.8968514;2.4555304;1.5117902;-0.1332165;5.3940345;5.2416532
12.9758172;-1.0965813;2.4691373;1.4951907;-0.1098452;5.5846548;5.2374565
13.1754451;-1.2946067;2.4873464;1.4622426;-0.1047998;5.7688348;3.4301542
13.3750731;-1.4935372;2.5092504;1.4647884;0.0082286;5.8863371;-4.6967875
13.5747010;-1.6919112;2.5315839;1.4469239;-0.1488672;5.7248357;-4.4505928
13.7743290;-1.8891383;2.5592027;1.4195821;-0.0297718;5.5674787;-2.6899225
13.9739569;-2.0871421;2.5875892;1.4465377;0.2299274;5.4701783;-2.5839333
14.1735849;-2.2856769;2.6074038;1.4958483;0.2014204;5.3750535;-3.3478474
14.3732128;-2.4846940;2.6197384;1.5162178;0.0429401;5.2492431;-7.2992880
14.5728408;-2.6841854;2.6299632;1.5238474;0.0917248;4.9638965;-3.3114587
14.7724688;-2.8838295;2.6359691;1.5641283;0.2678301;4.8288870;-3.2581398
14.9720967;-3.0832244;2.6318929;1.6183626;0.2631397;4.6922615;-3.6776085
15.1717247;-3.2824515;2.6174887;1.6665167;0.2471331;4.5331017;-2.4339512
15.3713526;-3.4805994;2.5927120;1.7279119;0.3634479;4.4246177;-1.5342323
15.5709806;-3.6761965;2.5539069;1.8075954;0.4225642;4.3548467;-1.3800357
15.7706085;-3.8681190;2.4991274;1.8890244;0.3936506;4.2911190;-2.2605508
15.9702365;-4.0551588;2.4292411;1.9679670;0.4021867;4.1846343;-1.5795055
16.1698645;-4.2357588;2.3443211;2.0550097;0.4718064;4.1085931;-1.3308515
16.3694924;-4.4076587;2.2430294;2.1525226;0.5022839;4.0434128;-1.2635691
16.5691204;-4.5686582;2.1251827;2.2526902;0.5011994;3.9805401;-1.5971108
16.7687483;-4.7171067;1.9916900;2.3544381;0.5223490;3.8996210;-1.4283710
16.9683763;-4.8508277;1.8434453;2.4619021;0.5541515;3.8258016;-1.3254753
17.1680042;-4.9673602;1.6813523;2.5755117;0.5821573;3.7560024;-0.9556443
17.3676322;-5.0642355;1.5068079;2.6957343;0.6252278;3.7048627;-0.0853043
17.5672601;-5.1385047;1.3216453;2.8267193;0.6903438;3.7002634;-0.0274352
17.7668881;-5.1867503;1.1282462;2.9674649;0.6951248;3.6987830;-0.0274352
17.9665161;-5.2078069;0.9300404;3.1033854;0.6733468;3.6973020;0.2779074
18.1661440;-5.2021539;0.7307098;-3.0474598;0.6511707;3.7122767;0.5085815
18.3657720;-5.1707230;0.5337078;-2.9205274;0.6162681;3.7395257;0.8640317
18.5653999;-5.1153332;0.3420344;-2.8013014;0.5782938;3.7853695;1.1948804
18.7650279;-5.0382250;0.1580000;-2.6897002;0.5386540;3.8478676;1.5049516
18.9646558;-4.9417962;-0.0167003;-2.5861217;0.4987852;3.9251683;1.7943464
19.1642838;-4.8284667;-0.1809542;-2.4904559;0.4597122;4.0153891;2.0655667
19.3639118;-4.7005581;-0.3341371;-2.4026232;0.4198416;4.1167996;2.3605216
19.5635397;-4.5602655;-0.4760499;-2.3224085;0.3844565;4.2297153;2.5960068
19.7631677;-4.4094794;-0.6067644;-2.2485038;0.3570247;4.3505129;2.7146515
19.9627956;-4.2497513;-0.7264157;-2.1797622;0.3319742;4.4733436;2.8268008
20.1624236;-4.0824513;-0.8352450;-2.1161969;0.3048528;4.5977625;3.0231964
20.3620515;-3.9088215;-0.9337149;-2.0581141;0.2770352;4.7272031;3.2744335
20.5616795;-3.7300173;-1.0224330;-2.0055632;0.2495425;4.8635158;3.5599416
20.7613074;-3.5470256;-1.1021290;-1.9584022;0.2233570;5.0075058;3.8590136
20.9609354;-3.3606727;-1.1735747;-1.9161802;0.2004644;5.1590549;4.1210969
21.1605634;-3.1716160;-1.2374927;-1.8780801;0.1824545;5.3161283;4.2969405
21.3601913;-2.9803489;-1.2944726;-1.8430176;0.1698525;5.4751072;4.3582523
21.5598193;-2.7872421;-1.3449314;-1.8100393;0.1612048;5.6317721;4.3334883
21.7594472;-2.5925929;-1.3891505;-1.7785352;0.1547137;5.7833405;4.2682137
21.9590752;-2.3966531;-1.4273382;-1.7482036;0.1492532;5.9288395;4.1930899
22.1587031;-2.1996516;-1.4596715;-1.7189158;0.1440530;6.0683814;4.1313649
22.3583311;-2.0017944;-1.4863267;-1.6906858;0.1385389;6.2027998;4.1026002
22.5579590;-1.8032732;-1.5074995;-1.6636096;0.1324939;6.3334598;4.1148701
22.7575870;-1.6042616;-1.5234136;-1.6377915;0.1259707;6.4618572;4.1662819
22.9572150;-1.4049137;-1.5343177;-1.6133260;0.1188830;6.5893104;4.2611486
23.1568429;-1.2053665;-1.5404879;-1.5903514;0.1110045;6.7171646;4.4109615
23.3564709;-1.0057358;-1.5422329;-1.5689631;0.1037865;6.8469995;4.5503275
23.5560988;-0.8061109;-1.5398346;-1.5487122;0.1004721;6.9784058;4.5195394
23.7557268;-0.6065753;-1.5334293;-1.5287535;0.0988955;7.1065182;4.4142434
23.9553547;-0.4072158;-1.5230987;-1.5095951;0.0898068;7.2294546;4.7114386
24.1549827;-0.2080799;-1.5092133;-1.4934020;0.0706734;7.3584022;5.1914183
24.3546107;-0.0091556;-1.4925265;-1.4815833;0.0475099;7.4979189;5.1872618
24.5542386;0.1896047;-1.4739387;-1.4739793;0.0335982;7.6347778;5.1831086
24.7538666;0.3882344;-1.4539975;-1.4675530;0.0319161;7.7691196;5.1789588
24.9534945;0.5867326;-1.4327874;-1.4611224;0.0324812;7.9010727;5.1748123
25.1531225;0.7850896;-1.4102914;-1.4546123;0.0324799;8.0307549;5.1706691
25.3527504;0.9832966;-1.3865108;-1.4481839;0.0318970;8.1582746;5.1665292
25.5523784;1.1813473;-1.3614672;-1.4418307;0.0322727;8.2837317;5.1623926
25.7520063;1.3792314;-1.3351449;-1.4351996;0.0346359;8.4072187;5.1582594
25.9516343;1.5769287;-1.3074532;-1.4279467;0.0380859;8.5288213;5.1541294
26.1512623;1.7744104;-1.2782597;-1.4200105;0.0411760;8.6486189;5.1500028
26.3508902;1.9716460;-1.2474453;-1.4115525;0.0433522;8.7666857;5.1458795
26.5505182;2.1686075;-1.2149261;-1.4027282;0.0450083;8.8830907;5.1417594
26.7501461;2.3652686;-1.1806386;-1.3935850;0.0466178;8.9978986;5.1376427
26.9497741;2.5616021;-1.1445223;-1.3841111;0.0483145;9.1111697;5.1335293
27.1494020;2.7575780;-1.1065140;-1.3742929;0.0500501;9.2229608;5.0820092
27.3490300;2.9531644;-1.0665496;-1.3641289;0.0517699;9.3323109;4.8266041
27.5486580;3.1483274;-1.0245661;-1.3536258;0.0534387;9.4349922;4.5744218
27.7482859;3.3430313;-0.9805031;-1.3427965;0.0550343;9.5312876;4.3282107
27.9479139;3.5372394;-0.9343038;-1.3316565;0.0565537;9.6215127;4.0889874
28.1475418;3.7309135;-0.8859151;-1.3202201;0.0580073;9.7059806;-2.4116773
28.3471698;3.9240141;-0.8352871;-1.3084992;0.0594055;9.6562509;-4.1288102
28.5467977;4.1165007;-0.7823727;-1.2965042;0.0607553;9.5705136;-4.1072642
28.7464257;4.3083312;-0.7271279;-1.2842440;0.0620659;9.4844547;-4.0920072
28.9460536;4.4994622;-0.6695106;-1.2717251;0.0633496;9.3979318;-4.0818093
29.1456816;4.6898491;-0.6094810;-1.2589517;0.0646204;9.3108236;-4.0754121
29.3453096;4.8794455;-0.5470005;-1.2459248;0.0658933;9.2230312;-4.0712764
29.5449375;5.0682033;-0.4820316;-1.2326423;0.0671875;9.1344853;-4.0677248
29.7445655;5.2560723;-0.4145370;-1.2190976;0.0685248;9.0451512;-4.0635174
29.9441934;5.4430001;-0.3444788;-1.2052804;0.0699231;8.9550196;-4.0576368
30.1438214;5.6289314;-0.2718184;-1.1911768;0.0713983;8.8641040;-4.0482535
30.3434493;5.8138078;-0.1965154;-1.1767693;0.0729776;8.7724598;-4.0330406
30.5430773;5.9975670;-0.1185271;-1.1620335;0.0746963;8.6801979;-4.0106824
30.7427053;6.1801426;-0.0378074;-1.1469387;0.0765779;8.5874645;-3.9807213
30.9423332;6.3614625;0.0456939;-1.1314511;0.0786357;8.4944229;-3.9412464
31.1419612;6.5414490;0.1320313;-1.1155330;0.0809034;8.4012889;-3.8883880
31.3415891;6.7200173;0.2212644;-1.0991369;0.0834435;8.3083809;-3.8200734
31.5412171;6.8970742;0.3134599;-1.0822028;0.0862956;8.2160822;-3.7386537
31.7408450;7.0725167;0.4086922;-1.0646693;0.0894350;8.1247355;-3.6482505
31.9404730;7.2462311;0.5070419;-1.0464844;0.0928081;8.0345965;-3.5512652
32.1401009;7.4180937;0.6085932;-1.0276056;0.0963834;7.9458717;-3.4485919
32.3397289;7.5879707;0.7134327;-1.0079936;0.1001499;7.8587535;-3.3411835
32.5393569;7.7557178;0.8216477;-0.9876114;0.1040941;7.7734175;-3.2294581
32.7389848;7.9211803;0.9333252;-0.9664247;0.1082093;7.6900351;-3.1131601
32.9386128;8.0841918;1.0485510;-0.9443992;0.1124982;7.6087904;-2.9942998
33.1382407;8.2445747;1.1674086;-0.9215018;0.1169243;7.5298207;-2.8774238
33.3378687;8.4021399;1.2899773;-0.8977130;0.1214050;7.4531451;-2.7598106
33.5374966;8.5566883;1.4163286;-0.8730236;0.1259815;7.3788550;-2.6230330
33.7371246;8.7080103;1.5465274;-0.8473901;0.1309742;7.3075467;-2.4575728
33.9367526;8.8558760;1.6806387;-0.8206999;0.1365448;7.2400994;-2.3135557
34.1363805;9.0000304;1.8187284;-0.7928925;0.1417548;7.1760252;-2.2946399
34.3360085;9.1402199;1.9608358;-0.7642212;0.1446601;7.1119048;-2.2864227
34.5356364;9.2762507;2.1069278;-0.7352862;0.1445427;7.0474337;-2.4206482
34.7352644;9.4080137;2.2568872;-0.7065292;0.1439525;6.9785287;-2.5961858
34.9348923;9.5354124;2.4105788;-0.6776399;0.1466872;6.9038627;-2.4418848
35.1345203;9.6582502;2.5679381;-0.6477598;0.1533945;6.8328899;-2.2328535
35.3341482;9.7762069;2.7289802;-0.6163502;0.1609058;6.7673410;-2.1461236
35.5337762;9.8889313;2.8937212;-0.5836408;0.1658653;6.7037341;-2.1411733
35.7334042;9.9961452;3.0621012;-0.5502958;0.1674387;6.6396668;-2.2047174
35.9330321;10.0976768;3.2339713;-0.5168981;0.1668415;6.5730456;-2.3743827
36.1326601;10.1934305;3.4091293;-0.4837006;0.1658764;6.5005340;-2.5743026
36.3322880;10.2833308;3.5873633;-0.4506069;0.1661477;6.4209919;-2.7371339
36.5319160;10.3672668;3.7684816;-0.4172468;0.1686925;6.3353232;-2.8115242
36.7315439;10.4450518;3.9523235;-0.3831238;0.1737004;6.2461030;-2.7392725
36.9311719;10.5164121;4.1387512;-0.3477924;0.1805577;6.1579324;-2.6437887
37.1307999;10.5810050;4.3276286;-0.3109819;0.1882603;6.0716212;-2.5595360
37.3304278;10.6384548;4.5187989;-0.2726224;0.1959212;5.9868751;-2.5022422
37.5300558;10.6883858;4.7120691;-0.2327775;0.2031255;5.9028500;-2.4702803
37.7296837;10.7304413;4.9072044;-0.1915395;0.2099282;5.8187081;-2.4575526
37.9293117;10.7642842;5.1039302;-0.1489666;0.2165208;5.7337747;-2.4569058
38.1289396;10.7895944;5.3019341;-0.1050938;0.2229017;5.6475869;-2.4611085
38.3285676;10.8060718;5.5008672;-0.0599863;0.2288034;5.5599124;-2.4921037
38.5281955;10.8134494;5.7003447;-0.0137730;0.2340048;5.4697019;-2.5591100
38.7278235;10.8115043;5.8999484;0.0334234;0.2388137;5.3754906;-2.6552581
38.9274515;10.8000482;6.0992308;0.0815896;0.2437202;5.2759617;-2.7658362
39.1270794;10.7789133;6.2977174;0.1307249;0.2481560;5.1702510;-2.9065849
39.3267074;10.7479798;6.4949112;0.1805744;0.2509159;5.0567800;-3.1182011
39.5263353;10.7072161;6.6903035;0.2308558;0.2536332;4.9321459;-3.3696679
39.7259633;10.6566093;6.8833720;0.2820697;0.2608766;4.7938193;-3.5584429
39.9255912;10.5960062;7.0735361;0.3354476;0.2769243;4.6432719;-3.3393007
40.1252192;10.5249538;7.2600520;0.3934627;0.3070817;4.4974147;-2.9853619
40.3248472;10.4425788;7.4418512;0.4586900;0.3447793;4.3628907;-2.8304055
40.5244751;10.3479139;7.6175567;0.5307055;0.3750679;4.2314016;-2.7903284
40.7241031;10.2403852;7.7856935;0.6081407;0.4022072;4.0976462;-2.6334702
40.9237310;10.1196976;7.9446479;0.6918501;0.4389079;3.9672756;-2.3411212
41.1233590;9.9855382;8.0923982;0.7841837;0.4862396;3.8476706;-2.1345574
41.3229869;9.8376930;8.2264328;0.8860778;0.5306224;3.7352824;-2.1079885
41.5226149;9.6765306;8.3441153;0.9950495;0.5569810;3.6208711;-2.1580861
41.7222428;9.5033308;8.4432181;1.1076627;0.5742824;3.4998684;-2.4654304
41.9218708;9.3199438;8.5217912;1.2255706;0.6138871;3.3562987;-2.5141015
42.1214988;9.1283375;8.5772398;1.3549604;0.6838022;3.2032751;-2.4370429
42.3211267;8.9310028;8.6060564;1.4992842;0.7635236;3.0476167;-2.3383957
42.5207547;8.7316531;8.6045422;1.6606401;0.8604330;2.8903891;-1.8435912
42.7203826;8.5355645;8.5688720;1.8455006;1.0083223;2.7601240;-0.5099018
42.9200106;8.3506959;8.4944149;2.0690338;1.2158231;2.7229953;-0.0148572
43.1196385;8.1893062;8.3776982;2.3290585;1.2836136;2.7219058;-0.0148572
43.3192665;8.0616801;8.2245560;2.5549458;0.9848300;2.7208160;2.2046165
43.5188944;7.9663390;8.0496401;2.7203572;0.7037568;2.8780281;3.6641394
43.7185224;7.8966351;7.8630336;2.8416399;0.5229548;3.1218544;4.3937518
43.9181504;7.8468361;7.6701869;2.9312576;0.3761895;3.3911954;5.1606815
44.1177783;7.8115296;7.4736063;2.9926232;0.2721359;3.6824773;5.2728062
44.3174063;7.7873641;7.2745896;3.0516923;0.3779480;3.9580094;3.5577127
44.5170342;7.7790875;7.0754849;-3.1272308;0.5292987;4.1335549;0.4319920
44.7166622;7.7895157;6.8760461;-3.0645553;0.1876083;4.1543653;5.2653902
44.9162901;7.8090218;6.6770111;-3.0206488;0.2630584;4.4001124;1.6510163
45.1159181;7.8385022;6.4805495;-2.9654162;0.2101498;4.4743902;-5.0179845
45.3155461;7.8755650;6.2842421;-2.9533959;-0.0343120;4.2446092;-7.3758049
45.5151740;7.9118092;6.0880664;-2.9675598;-0.1436065;3.8822511;-4.9331475
45.7148020;7.9421254;5.8907564;-3.0176137;-0.3513225;3.6197079;-3.1262549
45.9144299;7.9585299;5.6915761;-3.1077380;-0.5405312;3.4429798;-1.8902353
46.1140579;7.9535131;5.4921692;3.0524378;-0.6885064;3.3315795;-0.8269364
46.3136858;7.9212915;5.2954263;2.9019000;-0.8082874;3.2816555;-0.2177287
46.5133138;7.8580138;5.1063350;2.7330923;-0.8718781;3.2683839;-0.0214047
46.7129417;7.7629443;4.9308778;2.5560060;-0.8909677;3.2670763;-0.0214047
46.9125697;7.6383960;4.7749852;2.3789100;-0.8827162;3.2657681;0.0742312
47.1121977;7.4889025;4.6433453;2.2082494;-0.8393745;3.2703026;0.5115446
47.3118256;7.3196291;4.5385157;2.0436153;-0.8101271;3.3013809;0.6584740
47.5114536;7.1352682;4.4624825;1.8796322;-0.8205166;3.3409603;0.3289968
47.7110815;6.9409415;4.4171727;1.7219211;-0.7644711;3.3605609;0.8538977
47.9107095;6.7419935;4.4020144;1.5726831;-0.7345319;3.4109080;0.9409100
48.1103374;6.5430074;4.4159971;1.4296551;-0.7021124;3.4655385;1.0535760
48.3099654;6.3479050;4.4575310;1.2937724;-0.6620556;3.5257061;1.2553215
48.5095934;6.1599175;4.5243475;1.1663705;-0.6156485;3.5960809;1.5226256
48.7092213;5.9814994;4.6136690;1.0486759;-0.5637135;3.6796352;1.8503280
48.9088493;5.8142011;4.7224421;0.9418772;-0.5059304;3.7786863;2.2574541
49.1084772;5.6587032;4.8475399;0.8467373;-0.4470219;3.8961227;2.6938687
49.3081052;5.5149185;4.9859941;0.7641312;-0.3791140;4.0317880;3.3147855
49.5077331;5.3819523;5.1349069;0.6964855;-0.2954511;4.1927035;4.2810831
49.7073611;5.2581226;5.2914346;0.6439705;-0.2356290;4.3918117;4.9265063
49.9069890;5.1418800;5.4536434;0.6005671;-0.2040585;4.6103088;5.1301236
50.1066170;5.0322956;5.6204439;0.5631707;-0.1687508;4.8273366;5.2532690
50.3062450;4.9283978;5.7908547;0.5329812;-0.1344359;5.0398986;5.2490630
50.5058729;4.8290957;5.9640025;0.5096139;-0.0994866;5.2436912;5.2448604
50.7055009;4.7332536;6.1390988;0.4931369;-0.0659015;5.4397002;5.2406611
50.9051288;4.6397325;6.3154545;0.4830303;-0.0359629;5.6287391;5.2364652
51.1047568;4.5474818;6.4924893;0.4786327;-0.0083900;5.8114881;5.2322726
51.3043847;4.4555311;6.6696875;0.4795452;0.0172655;5.9885231;5.2280834
51.5040127;4.3629709;6.8465735;0.4854597;0.0418729;6.1603370;5.2238976
51.7036407;4.2689370;7.0226812;0.4962235;0.0658969;6.3273552;5.2197151
51.9032686;4.1725988;7.1975368;0.5116986;0.0890032;6.4899481;5.2155359
52.1028966;4.0731528;7.3706348;0.5321859;0.1171811;6.6484404;4.2417471
52.3025245;3.9696297;7.5413092;0.5598448;0.1628756;6.7746072;1.9427390
52.5021525;3.8607234;7.7085965;0.5948816;0.1828587;6.8316142;0.8822193
52.7017804;3.7458521;7.8718501;0.6311901;0.1774413;6.8573453;1.0718480
52.9014084;3.6252176;8.0308870;0.6669636;0.1838798;6.8884777;0.6895407
53.1010363;3.4988320;8.1853942;0.7045462;0.1924359;6.9084317;0.2300139
53.3006643;3.3666844;8.3350251;0.7415949;0.1739152;6.9150751;1.0977834
53.5002923;3.2294804;8.4800271;0.7725097;0.1325937;6.9466942;3.0147142
53.6999202;3.0883957;8.6212103;0.7974241;0.1234088;7.0327948;3.3069893
53.8995482;2.9437627;8.7587761;0.8246350;0.1551962;7.1260464;1.5272203
54.0991761;2.7949746;8.8918720;0.8580067;0.1760284;7.1687020;0.3607925
54.2988041;2.6416552;9.0197099;0.8935246;0.1769256;7.1787421;0.2889122
54.4984320;2.4839180;9.1420469;0.9286920;0.1756479;7.1867717;0.3342640
54.6980600;2.3219912;9.2587858;0.9635319;0.1731432;7.1960506;0.4402598
54.8976880;2.1561379;9.3698751;0.9974625;0.1660312;7.2082536;0.7789999
55.0973159;1.9866918;9.4754021;1.0299148;0.1593294;7.2297954;1.0770399
55.2969439;1.8139670;9.5754723;1.0613916;0.1567036;7.2594735;0.0018980
55.4965718;1.6381934;9.6700853;1.0926169;0.1564047;7.2595257;-1.3669923
55.6961998;1.4595521;9.7591656;1.1238276;0.1562539;7.2218373;-1.4589458
55.8958277;1.2782195;9.8426309;1.1550083;0.1561543;7.1813955;-1.5546779
56.0954557;1.0943729;9.9204027;1.1861985;0.1563901;7.1380478;-1.6388974
56.2950836;0.9081880;9.9923971;1.2174656;0.1569051;7.0920651;-1.7146193
56.4947116;0.7198393;10.0585244;1.2488645;0.1577188;7.0436365;-1.7809023
56.6943396;0.5295019;10.1186887;1.2804563;0.1588373;6.9929807;-1.8374220
56.8939675;0.3373525;10.1727876;1.3122991;0.1602266;6.9403298;-1.8858988
57.0935955;0.1435712;10.2207131;1.3444423;0.1618404;6.8858711;-1.9290381
57.2932234;-0.0516574;10.2623531;1.3769350;0.1637418;6.8297175;-1.9642306
57.4928514;-0.2481427;10.2975892;1.4098428;0.1660129;6.7720610;-1.9862893
57.6924793;-0.4456875;10.3262960;1.4432054;0.1682045;6.7132535;-2.0144606
57.8921073;-0.6440841;10.3483581;1.4769332;0.1695354;6.6530811;-2.0860116
58.0917353;-0.8431135;10.3636971;1.5108379;0.1700104;6.5901924;-2.2065280
58.2913632;-1.0425490;10.3722700;1.5448799;0.1712317;6.5230105;-2.2849788
58.4909912;-1.2421608;10.3740101;1.5794322;0.1755278;6.4527029;-2.1811136
58.6906191;-1.4417102;10.3687509;1.6150711;0.1817823;6.3848690;-2.1346998
58.8902471;-1.6409379;10.3562617;1.6518923;0.1867839;6.3177734;-2.1298906
59.0898750;-1.8395633;10.3363629;1.6894718;0.1892607;6.2501111;-2.1868146
59.2895030;-2.0372956;10.3089769;1.7274209;0.1908638;6.1798698;-2.2886405
59.4891309;-2.2338407;10.2740776;1.7656943;0.1926296;6.1054924;-2.3932281
59.6887589;-2.4288988;10.2316498;1.8042969;0.1940134;6.0267343;-2.5237083
59.8883869;-2.6221666;10.1817010;1.8431567;0.1953077;5.9425518;-2.6712237
60.0880148;-2.8133384;10.1242557;1.8823036;0.1969588;5.8521295;-2.8206867
60.2876428;-3.0021019;10.0593395;1.9218247;0.1990583;5.7551059;-2.9728589
60.4872707;-3.1881323;9.9869714;1.9618844;0.2025309;5.6510452;-3.1007657
60.6868987;-3.3710792;9.9071353;2.0028720;0.2085260;5.5404254;-3.1686667
60.8865266;-3.5505411;9.8197488;2.0452828;0.2166808;5.4250534;-3.1915344
61.0861546;-3.7260534;9.7246798;2.0894769;0.2262794;5.3063137;-3.1711364
61.2857826;-3.8970892;9.6217762;2.1357647;0.2377308;5.1856408;-3.1282531
61.4854105;-4.0630468;9.5108694;2.1845123;0.2508850;5.0637829;-3.0869407
61.6850385;-4.2232412;9.3917909;2.2360037;0.2651439;4.9405888;-3.0460788
61.8846664;-4.3769072;9.2644008;2.2904668;0.2807037;4.8159374;-3.0457164
62.0842944;-4.5231989;9.1286081;2.3480235;0.2959926;4.6879881;-3.0396205
62.2839223;-4.6612214;8.9844221;2.4084921;0.3097884;4.5567144;-3.1049891
62.4835503;-4.7900661;8.8319829;2.4717429;0.3240990;4.4185926;-3.1981612
62.6831782;-4.9087874;8.6715389;2.5378189;0.3379874;4.2716596;-3.3483699
62.8828062;-5.0164208;8.5034557;2.6067213;0.3527385;4.1122037;-3.5334079
63.0824342;-5.1119590;8.3282315;2.6785694;0.3665872;3.9369386;-3.8086571
63.2820621;-5.1942954;8.1464062;2.7556734;0.4098601;3.7388309;-3.4451601
63.4816901;-5.2623202;7.9588104;2.8281425;0.3060977;3.5501205;-0.0252539
63.6813180;-5.3154972;7.7664392;2.9309867;0.7551651;3.5487002;-0.0252539
63.8809460;-5.3478226;7.5695170;2.9957682;-0.1425317;3.5472793;-12.5593532
64.0805739;-5.3712070;7.3713514;3.0968444;1.1798792;2.7511442;-0.0223279
